Ratchaphon1412,user,2022-08-10,1660067674971
poomffi,admin,2022-08-10,1660116155429
poomffi,admin,2022-08-10,1660117894949
poomffi,admin,2022-08-10,1660118147683
poomffi,admin,2022-08-10,1660120903184
poomffi,admin,2022-08-10,1660123759908
poomffi,admin,2022-08-11,1660209776083
poomffi,admin,2022-08-11,1660212091385
poomffi,admin,2022-08-11,1660230319460
poomffi,admin,2022-08-10,1660123759908java,user,2022-08-11,1660152448400
chom,stuff,2022-08-11,1660152501792
Ratchaphon1412,admin,2022-08-11,1660152518677
poomhub,user,2022-08-11,1660157058005
chom,stuff,2022-08-11,1660157083519
Ratchaphon1412,admin,2022-08-11,1660157100873
java,user,2022-08-11,1660157178506
poomffi,admin,2022-08-11,1660201392987
